69493,3,customer,,,"Cash Customer",Debit,"Cash Customer",,8/617,Lucknow,,226022,,99,1505,8010577986,shivanshshah.shah94@gmail.com,pan_card,8010577986,233907944183373,no_one,1999-03-01,,,,,,,,,,,,,,,,0,logo.png,0,,,,,,0,69,,,
69494,3,customer,1,General,meesa,"no any one ",meesa,,pawai,panna,,475777,,99,1490,9876523450,,voter_id,2t4447,8759672245095603,llll,1999-03-01,,,,,,,,,,,,,,,,0,logo.png,0,1,,,,,0,69,,,
69495,3,customer,,,eastern,software,eastern,,"noida ",gwalior,,475662,,99,1492,9874567787,,pan_card,76543456,9257148793148627,systwem,1999-03-01,,,,,,,,,,,,,,,,0,logo.png,0,,,,,,0,69,,,
69496,3,customer,,,manasvi,shah,manasvi,,gwalior,sohan,,475665,,99,1492,9873445678,,pan_card,984567,4060691820341366,manashah,1999-02-28,,,,,,,,,,,,,,,,0,logo.png,0,,,,,,0,69,,,
69497,3,customer,,,jjjjjjjjjj,uuuuuuu,jjjjjjjjjj,,kakka,pakka,,475666,,99,1492,9873434323,,pan_card,5434534,1811191072203166,gagga,1999-02-28,,,,,,,,,,,,,,,,0,logo.png,0,,,,,,0,69,,,
69498,3,customer,,,OOOOO,UUUUUU,OOOOO,,KANPUTR,NNN,,475662,,99,1492,8765439889,,pan_card,88888,4975578716450608,PPP,1999-02-28,,,,,,,,,,,,,,,,0,logo.png,0,,,,,,0,69,,,
6969499,3,customer,1,General,ankit,khosa22,ankit,,gaziabad,delhi,,475666,,99,1492,9876542346,,pan_card,23456,66277206054,vikas,1999-02-28,,,,,,,,,,,,,,,,0,logo.png,0,1,,,,,0,69,,,
6969500,3,customer,,,mridula,anil,mridula,,saket,delhi,,475766,,99,1490,9876542348,,pan_card,876545678,940593119041,megah,1999-02-28,,,,,,,,,,,,,,,,0,logo.png,0,,,,,,0,69,,,
