460,3,customer,,,"raghbir singh","ram singh","raghbir singh",,sakra,kaithal,,136020,,99,1486,9729331657,,not_available,1,0,"om parkash",0000-00-00,,,,,,,,,,,,,,,,0,logo.png,0,,,,,,0,49,,,
489,3,customer,,,BULK,BULK,BULK,,BULK,karnal,,999999,,99,1486,9999999999,,not_available,,0,BULK,1999-01-14,,,,,,,,,,,,,,,,0,logo.png,0,,,,,,0,49,,,
49432,3,customer,,,"deepak rana","vijender kumar","deepak rana",,raison,karnal,,132157,,99,1486,7357045526,,not_available,,2347497963182807,"sonam devi",1993-03-28,,,,,,,,,,,,,,,,0,logo.png,0,,,,,,0,49,,,
49433,3,customer,,,"AMIT KUMAR","SATISH KUMAR","AMIT KUMAR",,UNISHPUR,karnal,,132157,,99,1486,8053846747,,pan_card,1,5828649302383388,SONIA,1998-10-07,,,,,,,,,,,,,,,,0,logo.png,0,,,,,,0,49,,,
49434,3,customer,,,rampal,"baru ram",rampal,,pabla,kaithal,,136020,,99,1486,8059048255,,not_available,,5685407068164709,tejav,1999-03-02,,,,,,,,,,,,,,,,0,logo.png,0,,,,,,0,49,,,
49435,3,customer,,,"lakvinder singh","sarwan singh","lakvinder singh",,haibatpur,karnal,,132157,,99,1486,8295033302,,not_available,,7617882651582136,ram,1999-03-17,,,,,,,,,,,,,,,,0,logo.png,0,,,,,,0,49,,,
49436,3,customer,,,"kala ram",kurkaram,"kala ram",,raison,karnal,,132157,,99,1486,8295494430,,not_available,,7536893949786846,randhir,1999-03-03,,,,,,,,,,,,,,,,0,logo.png,0,,,,,,0,49,,,
49437,3,customer,,,"surjeet singh","garja singh","surjeet singh",,barwa,kurukshetra,,136119,,99,1486,8295751233,,not_available,,5543920248809894,manjeet,1999-03-02,,,,,,,,,,,,,,,,0,logo.png,0,,,,,,0,49,,,
49438,3,customer,,,shubham,rajpal,shubham,,koer,karnal,,132157,,99,1483,8397810333,,not_available,,8867538655212066,dimpel,1999-02-03,,,,,,,,,,,,,,,,0,logo.png,0,,,,,,0,49,,,
49439,3,customer,,,"ISHAM SINGH","BALLU RAM","ISHAM SINGH",,SANWAT,KARNAL,,132157,,99,1486,8529346931,,not_available,,8100465792833858,AMAN,1998-11-05,,,,,,,,,,,,,,,,0,logo.png,0,,,,,,0,49,,,
49440,3,customer,,,"kalvinder singh",gurdayal,"kalvinder singh",,nigdhu,karnal,,132157,,99,1486,8570981313,,pan_card,1,6857627154118661,"kiranjeet kaur",1992-12-02,,,,,,,,,,,,,,,,0,logo.png,0,,,,,,0,49,,,
49441,3,customer,,,sunita,"wife pawan kumar",sunita,,raison,karnal,,132157,,99,1486,8930282475,,not_available,,4675186518990929,pawan,1989-10-12,,,,,,,,,,,,,,,,0,logo.png,0,,,,,,0,49,,,
49442,3,customer,,,"ASHOK KUMAR","OM PARKASH","ASHOK KUMAR",,BOHLA,KARNAL,,132157,,99,1486,8930335589,,not_available,,8012696051185371,"RIPUN KUMAR",1999-03-03,,,,,,,,,,,,,,,,0,logo.png,0,,,,,,0,49,,,
49443,3,customer,,,"SUNIL KUMAR","AMER SINGH","SUNIL KUMAR",,"VPO HAIBATPUR",KARNAL,,132157,,99,1486,8930815478,,not_available,,3844820953460058,RENU,1999-02-07,,,,,,,,,,,,,,,,0,logo.png,0,,,,,,0,49,,,
49444,3,customer,,,"sonu kumar","desh raj","sonu kumar",,"majra roran",karnal,,132157,,99,1486,9050035476,,not_available,,8567617722699965,hari,1999-03-17,,,,,,,,,,,,,,,,0,logo.png,0,,,,,,0,49,,,
49445,3,customer,,,TEJPAL,"LUMBI RAM",TEJPAL,,KOER,KARNAL,,132157,,99,1486,9050533737,,not_available,,7240732840265554,MONI,1999-03-03,,,,,,,,,,,,,,,,0,logo.png,0,,,,,,0,49,,,
49446,3,customer,,,"RAMESH KUMAR","SHRI RAM","RAMESH KUMAR",,RAISON,KARNAL,,132157,,99,1486,9050905240,,not_available,,7116867932478731,SORAJ,1985-12-11,,,,,,,,,,,,,,,,0,logo.png,0,,,,,,0,49,,,
49447,3,customer,,,jagdish,laxman,jagdish,,"majra rodan",karnal,,132157,,99,1486,9050918318,,not_available,,1480053843032500,vikash,1999-03-03,,,,,,,,,,,,,,,,0,logo.png,0,,,,,,0,49,,,
49448,3,customer,,,"mangat singh","BALWANT SINGH","mangat singh",,"VPO BIR BADALWA",KARNAL,,132157,,99,1486,9354545532,,not_available,,5231051543163042,"GURMEET KAUR",1999-03-03,,,,,,,,,,,,,,,,0,logo.png,0,,,,,,0,49,,,
49449,3,customer,,,"arun kumar","sudesh kumar","arun kumar",,saga,karnal,,132157,,99,1486,9416077944,,not_available,,3053199532855920,"sudesh kumar",1976-10-07,,,,,,,,,,,,,,,,0,logo.png,0,,,,,,0,49,,,
49450,3,customer,,,"DILBAGH SINGH","JASWANT SINGH","DILBAGH SINGH",,NIGDHU,KARNAL,,132157,,99,1486,9416247313,,not_available,,3235385865870881,"GURPAL SINGH",1984-06-05,,,,,,,,,,,,,,,,0,logo.png,0,,,,,,0,49,,,
49451,3,customer,,,"RAJBIR SINGH","SADHU RAM","RAJBIR SINGH",,"VPO BUDHERA",KARNAL,,132157,,99,1486,9416558610,,pan_card,1,9524053853496923,RAVINDER,1999-02-02,,,,,,,,,,,,,,,,0,logo.png,0,,,,,,0,49,,,
49452,3,customer,,,"SULTAN SINGH","SADHU RAM","SULTAN SINGH",,KARSA,KARNAL,,132157,,99,1486,9416657371,,not_available,,2795605935901706,"SUNIL KUMAR",1999-03-31,,,,,,,,,,,,,,,,0,logo.png,0,,,,,,0,49,,,
49453,3,customer,,,satpal,"amer chand",satpal,,"vpo raison",karnal,,132157,,99,1483,9467084643,,pan_card,1,2030144990300679,raman,0000-00-00,,,,,,,,,,,,,,,,0,logo.png,0,,,,,,0,49,,,
49454,3,customer,,,"karan singh","antu ram","karan singh",,"vpo majra roran",karnal,,132157,,99,1486,9671576037,,pan_card,1,5770626134685048,kamaljeet,1993-07-05,,,,,,,,,,,,,,,,0,logo.png,0,,,,,,0,49,,,
49455,3,customer,,,"bajinder kumar","bal singh","bajinder kumar",,nigdhu,karnal,,132157,,99,1486,9671801585,,not_available,,2547954801213987,ram,1999-03-03,,,,,,,,,,,,,,,,0,logo.png,0,,,,,,0,49,,,
49456,3,customer,,,"SATNAM SINGH","RAWEL SINGH","SATNAM SINGH",,NIGDHU,KARNAL,,132157,,99,1486,9671808383,,not_available,,3737017663575476,NANAK,1999-03-03,,,,,,,,,,,,,,,,0,logo.png,0,,,,,,0,49,,,
49457,3,customer,,,SOHANPAL,"KEHAR SINGH",SOHANPAL,,PATANPURI,karnal,,132157,,99,1486,9671944857,,not_available,1,103284809298366,VANSH,1999-02-03,,,,,,,,,,,,,,,,0,logo.png,0,,,,,,0,49,,,
49458,3,customer,,,"phool singh","BUDH RAM","phool singh",,DYANAGAR,KARNAL,,132157,,99,1486,9728744761,,not_available,,4643019420177529,"BUDH RAM",1979-03-14,,,,,,,,,,,,,,,,0,logo.png,0,,,,,,0,49,,,
49459,3,customer,,,"TARUN RANI","SURINDER KUMAR","TARUN RANI",,NIGDHU,KARNAL,,132157,,99,1486,9729260295,,not_available,,9414365606873497,SURINDER,1976-11-03,,,,,,,,,,,,,,,,0,logo.png,0,,,,,,0,49,,,
49461,3,customer,,,"SUBE SINGH","MAAN SINGH","SUBE SINGH",,SITAMAI,KARNAL,,132157,,99,1486,9729668220,,not_available,,5659133746759819,"MAAN SINGH",1989-02-15,,,,,,,,,,,,,,,,0,logo.png,0,,,,,,0,49,,,
49462,3,customer,,,SURINDER,KRISHAN,SURINDER,,NIGDHU,KARNAL,,132157,,99,1486,9729915999,,not_available,,9198645947624606,SURYAPARKASH,1999-03-03,,,,,,,,,,,,,,,,0,logo.png,0,,,,,,0,49,,,
49463,3,customer,,,bhupinder,"NISIB SINGH",bhupinder,,KOER,KARNAL,,132157,,99,1486,9729923240,,not_available,,8407458113540439,YOGESH,1999-03-10,,,,,,,,,,,,,,,,0,logo.png,0,,,,,,0,49,,,
49464,3,customer,,,"sudhir kumar","prithvi singh","sudhir kumar",,sanwat,karnal,,,,99,1486,9812771377,,pan_card,1,2030144990300679,"bala devi",0000-00-00,,,,,,,,,,,,,,,,0,logo.png,0,,,,,,0,49,,,
49465,3,customer,,,"ishver singh","purn chand","ishver singh",,karsa,karnal,,132157,,99,1486,9812875870,,not_available,,752875761660495,gurdev,1988-06-01,,,,,,,,,,,,,,,,0,logo.png,0,,,,,,0,49,,,
49466,3,customer,,,"ravinder singh","ragubir singh","ravinder singh",,"vpo patanpuri",karnal,,132157,,99,1486,9813023144,,not_available,,2030144990300679,vikas,1999-02-08,,,,,,,,,,,,,,,,0,logo.png,0,,,,,,0,49,,,
49467,3,customer,,,"krishan lal","vishaka ram","krishan lal",,raison,karnal,,132157,,99,1486,9813032907,,not_available,,4468292179563778,ram,1999-03-03,,,,,,,,,,,,,,,,0,logo.png,0,,,,,,0,49,,,
49468,3,customer,,,"muluk singh","ganda singh","muluk singh",,sambi,karnal,,132157,,99,1486,9813153772,,not_available,,3373540269526192,nanak,1999-03-17,,,,,,,,,,,,,,,,0,logo.png,0,,,,,,0,49,,,
49469,3,customer,,,RAMESH,"DESH RAJ",RAMESH,,NIGDHU,KARNAL,,132157,,99,1486,9813505643,,not_available,,890338324293380,DIMPEL,1999-03-17,,,,,,,,,,,,,,,,0,logo.png,0,,,,,,0,49,,,
49470,3,customer,,,"TARLOK SINGH","INDER SINGH","TARLOK SINGH",,NIGDHU,KARNAL,,132157,,99,1486,9813538802,,not_available,,3817041628112245,"TARANPAL SINGH",1992-06-25,,,,,,,,,,,,,,,,0,logo.png,0,,,,,,0,49,,,
49471,3,customer,,,RAJINDER,"NAR SINGH",RAJINDER,,SANGROLI,KAITHAL,,136020,,99,1486,9813587192,,not_available,,4927196323772242,"NAR SINGH",1978-03-01,,,,,,,,,,,,,,,,0,logo.png,0,,,,,,0,49,,,
49472,3,customer,,,"surjeet singh","garja singh","surjeet singh",,barwa,kurukshetra,,132157,,99,1486,9813628518,,not_available,,1404137417459988,"garja singh",1989-07-12,,,,,,,,,,,,,,,,0,logo.png,0,,,,,,0,49,,,
49473,3,customer,,,"RANDHIR SINGH","RAJ KUMAR","RANDHIR SINGH",,RAISON,KARNAL,,132157,,99,1486,9813648904,,not_available,,2354210161993160,SHAM,1999-03-17,,,,,,,,,,,,,,,,0,logo.png,0,,,,,,0,49,,,
49474,3,customer,,,"suresh kumar","jeeta ram","suresh kumar",,jinjarpur,karnal,,132157,,99,1486,9813789355,,not_available,,1184013512625282,ram,1995-03-16,,,,,,,,,,,,,,,,0,logo.png,0,,,,,,0,49,,,
49475,3,customer,,,"ISHVER SINGH","MUKHI RAM","ISHVER SINGH",,MOHERI,KARNAL,,132157,,99,1486,9813864054,,not_available,,3055341174546815,"MUKHI RAM",1989-06-14,,,,,,,,,,,,,,,,0,logo.png,0,,,,,,0,49,,,
49476,3,customer,,,"SUBE SINGH","MAAN SINGH","SUBE SINGH",,SITAMAI,KARNAL,,132157,,99,1486,9813889232,,not_available,,7689764947545350,"MAAN SINGH",1989-07-11,,,,,,,,,,,,,,,,0,logo.png,0,,,,,,0,49,,,
49477,3,customer,,,RAJESH,PRITHI,RAJESH,,SAKRA,KAITHAL,,132157,,99,1486,9896443080,,not_available,,9644407982417593,RAM,1999-03-17,,,,,,,,,,,,,,,,0,logo.png,0,,,,,,0,49,,,
49478,3,customer,,,"karan sing",atmaram,"karan sing",,karsa,karnal,,132157,,99,1486,9896841866,,not_available,,1042919851341031,sandeep,1990-07-11,,,,,,,,,,,,,,,,0,logo.png,0,,,,,,0,49,,,
49479,3,customer,,,"sompal rana","babu ram","sompal rana",,nigdhu,karnal,,132157,,99,1486,9991324598,,pan_card,2,3192238766759709,sakti,1999-02-04,,,,,,,,,,,,,,,,0,logo.png,0,,,,,,0,49,,,
49480,3,customer,,,"ved parkash","gyan chand","ved parkash",,raison,karnal,,132157,,99,1486,9991414496,,not_available,,8488815819214522,ragav,1999-03-17,,,,,,,,,,,,,,,,0,logo.png,0,,,,,,0,49,,,
49481,3,customer,,,"parveen kumar","LABH SINGH","parveen kumar",,NIGDHU,KARNAL,,132157,,99,1486,9991748700,,not_available,,810916167328873,NONU,1999-02-28,,,,,,,,,,,,,,,,0,logo.png,0,,,,,,0,49,,,
49482,3,customer,,,"HUKAM SINGH","RELLU RAM","HUKAM SINGH",,KARSA,KARNAL,,132157,,99,1486,9991908418,,not_available,,5041291856521184,"ASHOK KUMAR",1995-11-15,,,,,,,,,,,,,,,,0,logo.png,0,,,,,,0,49,,,
49483,3,customer,,,"ved parkash","gyan chand","ved parkash",,raison,karnal,,132157,,99,1486,9992064755,,not_available,,1748244702290785,ragav,1999-03-02,,,,,,,,,,,,,,,,0,logo.png,0,,,,,,0,49,,,
49484,3,customer,,,"johny sharma","rahtu ram","johny sharma",,birbadalwa,karnal,,132157,,99,1486,9992334053,,not_available,,685254272244022,samar,1999-03-03,,,,,,,,,,,,,,,,0,logo.png,0,,,,,,0,49,,,
49485,3,customer,,,rajbir,"jai singh",rajbir,,"karsa dod",karnal,,132157,,99,1486,9996161771,,not_available,,8813653830016817,yasan,1999-03-02,,,,,,,,,,,,,,,,0,logo.png,0,,,,,,0,49,,,
49486,3,customer,,,"jagbir singh","jai singh","jagbir singh",,"karsa dod",karnal,,132157,,99,1486,9996199541,,not_available,,4485968698446111,yasan,1998-03-04,,,,,,,,,,,,,,,,0,logo.png,0,,,,,,0,49,,,
49487,3,customer,,,PARMANAND,"LAL CHAND",PARMANAND,,"VPO NIGDHU",KARNAL,,132157,,99,1483,9996290814,,pan_card,1,5935443801917018,AJAY,1999-02-09,,,,,,,,,,,,,,,,0,logo.png,0,,,,,,0,49,,,
49488,3,customer,,,"kuldeep singh","krishan chand","kuldeep singh",,koer,karnal,,132157,,99,1486,9996533923,,pan_card,1,9978756608521672,sonia,1999-02-10,,,,,,,,,,,,,,,,0,logo.png,0,,,,,,0,49,,,
4949489,3,customer,,,"shivansh shah",Father,"shivansh shah",,8/617,Lucknow,,226022,,99,1505,8010577986,shivanshshah.shah94@gmail.com,not_available,,74642758405,"No one",1999-03-16,,,,,,,,,,,,,,,,0,logo.png,0,,,,,,0,49,,,
